{"Germany_Benelux": {"RE": 1.0, "PV": 0.3759688934413095, "WT": 0.6021050546001614, "Runriver": 0.021227481851334266, "Dam": 0.0006985701071949322, "Coal": 0.0, "Nuclear": 0.0, "CCGT": 0.10241634790870102, "Import": 0.0, "Curtailment": 0.025455557428083166, "RE/cons": 1.2532122886327004}, "British_Isles": {"RE": 1.0, "PV": 0.02005620981644886, "WT": 0.9662252883962869, "Runriver": 0.00879644325898019, "Dam": 0.004922058528284008, "Coal": 0.0, "Nuclear": 0.0, "CCGT": 0.22021398890676055, "Import": 0.0, "Curtailment": -0.005093653273215907, "RE/cons": 1.616663650603113}}