{"British_Isles": {"RE": 1.0, "RE/cons": 1.5635951460072222, "PV": 0.020736918672279142, "WT": 0.9650789728410465, "Runriver": 0.009094995023296375, "Dam": 0.005089113463377979, "Coal": 0.0, "Nuc": 0.0, "CCGT": 0.20730842607673103, "Import": 0.0, "Curt": 7.730008833200499e-09}, "tot": {"RE": 1.0}}