{"British_Isles": {"RE": 1.0, "RE/cons": 1.5486884748468077, "PV": 0.02093651880655308, "WT": 0.9660954154583702, "Runriver": 0.008315256008730431, "Dam": 0.004652809726346309, "Coal": 0.0, "Nuc": 0.0, "CCGT": 0.17764828483617218, "Import": 0.0, "Curt": 0.031524551083870256}, "tot": {"RE": 1.0}}