{"British_Isles": {"RE": 1.0, "RE/cons": 1.5339201136246765, "PV": 0.021138092584563263, "WT": 0.9644033948871692, "Runriver": 0.009270945693372478, "Dam": 0.005187566834895044, "Coal": 0.0, "Nuc": 0.0, "CCGT": 0.19842274107175126, "Import": 0.0, "Curt": 9.1492318287696e-16}, "tot": {"RE": 1.0}}