{"British_Isles": {"RE": 1.0, "RE/cons": 1.0935959246114135, "PV": 0.029649109556295627, "WT": 0.9519862518299446, "Runriver": 0.01177559357739681, "Dam": 0.006589045036362965, "Coal": 0.0, "Nuc": 0.0, "CCGT": 0.2757400918864005, "Import": 0.0, "Curt": -0.39249047584997326}, "tot": {"RE": 1.0}}