{"British_Isles": {"RE": 1.0, "RE/cons": 1.3717727402391464, "PV": 0.6403169382554753, "WT": 0.34351551260928126, "Runriver": 0.010366797395978912, "Dam": 0.0058007517392644654, "Coal": 0.0, "Nuc": 0.0, "CCGT": 0.14155416266180695, "Import": 0.0, "Curt": 0.010473475309475674}, "tot": {"RE": 1.0}}