{"British_Isles": {"RE": 1.0, "RE/cons": 1.639035403720431, "PV": 0.01978245576973074, "WT": 0.9679643043677368, "Runriver": 0.007856902368850916, "Dam": 0.00439633749368157, "Coal": 0.0, "Nuc": 0.0, "CCGT": 0.12711899179137198, "Import": 0.0, "Curt": 0.13034174766285136}, "tot": {"RE": 1.0}}