{"British_Isles": {"RE": 1.0, "RE/cons": 1.524133663074825, "PV": 0.02127382011477193, "WT": 0.9641748293590143, "Runriver": 0.009330474364496666, "Dam": 0.005220876161717032, "Coal": 0.0, "Nuc": 0.0, "CCGT": 0.1953680068805637, "Import": 0.0, "Curt": -1.0817042388603045e-15}, "tot": {"RE": 1.0}}