{"British_Isles": {"RE": 0.7822786420620951, "RE/cons": 1.0616053299841752, "PV": 0.023892793019023178, "WT": 0.742043113963317, "Runriver": 0.010479128410295416, "Dam": 0.005863606669459443, "Coal": 0.2177213579379049, "Nuc": 0.0, "CCGT": 0.14930836639064649, "Import": 0.0, "Curt": -9.975843630942662e-16}, "tot": {"RE": 0.7822786420620951}}