{"British_Isles": {"RE": 0.8021202849313325, "RE/cons": 1.1976802128813175, "PV": 0.021715366464632166, "WT": 0.7669544350135251, "Runriver": 0.008624587169682611, "Dam": 0.00482589628349246, "Coal": 0.19787971506866756, "Nuc": 0.0, "CCGT": 0.13468283170478237, "Import": 0.0, "Curt": 0.10973591062860538}, "tot": {"RE": 0.8021202849313325}}