{"British_Isles": {"RE": 1.0, "RE/cons": 1.5532440836245913, "PV": 0.020875112753340454, "WT": 0.9648462536345812, "Runriver": 0.009155605497753279, "Dam": 0.005123028114325037, "Coal": 0.0, "Nuc": 0.0, "CCGT": 0.20415159211918943, "Import": 0.0, "Curt": 6.895217305851854e-05}, "tot": {"RE": 1.0}}