{"British_Isles": {"RE": 1.0, "RE/cons": 1.5930440558108545, "PV": 0.02035357732942202, "WT": 0.9670394304962486, "Runriver": 0.008083731959042878, "Dam": 0.004523260215286376, "Coal": 0.0, "Nuc": 0.0, "CCGT": 0.18572395189479504, "Import": 0.0, "Curt": 0.03444277439413192}, "tot": {"RE": 1.0}}